<?xml version="1.0" encoding="UTF-8"?>
<project-private xmlns="http://www.netbeans.org/ns/project-private/1">
    <editor-bookmarks xmlns="http://www.netbeans.org/ns/editor-bookmarks/2" lastBookmarkId="0"/>
    <open-files xmlns="http://www.netbeans.org/ns/projectui-open-files/2">
        <group>
            <file>file:/D:/Coding/smt%202/OOP/NetBeansProjects/week_11/src/exercise_1/JList.java</file>
            <file>file:/D:/Coding/smt%202/OOP/NetBeansProjects/week_11/src/exercise_1/JTable.java</file>
            <file>file:/D:/Coding/smt%202/OOP/NetBeansProjects/week_11/EXERCISE_1/ActionListenerExample.java</file>
            <file>file:/D:/Coding/smt%202/OOP/NetBeansProjects/week_11/src/exercise_1/JPasswordField.java</file>
            <file>file:/D:/Coding/smt%202/OOP/NetBeansProjects/week_11/src/exercise_1/JCheckBox.java</file>
            <file>file:/D:/Coding/smt%202/OOP/NetBeansProjects/week_11/src/exercise_1/JTextArea.java</file>
            <file>file:/D:/Coding/smt%202/OOP/NetBeansProjects/week_11/src/exercise_1/JTextField.java</file>
            <file>file:/D:/Coding/smt%202/OOP/NetBeansProjects/week_11/src/exercise_1/JScrollBar.java</file>
            <file>file:/D:/Coding/smt%202/OOP/NetBeansProjects/week_11/src/exercise_1/JSlider.java</file>
            <file>file:/D:/Coding/smt%202/OOP/NetBeansProjects/week_11/src/exercise_1/JComboBox.java</file>
            <file>file:/D:/Coding/smt%202/OOP/NetBeansProjects/week_11/src/exercise_1/JPanel.java</file>
            <file>file:/D:/Coding/smt%202/OOP/NetBeansProjects/week_11/src/exercise_1/JRadioButton.java</file>
            <file>file:/D:/Coding/smt%202/OOP/NetBeansProjects/week_11/src/exercise_1/JProgressBar.java</file>
            <file>file:/D:/Coding/smt%202/OOP/NetBeansProjects/week_11/src/Week_11.java</file>
            <file>file:/D:/Coding/smt%202/OOP/NetBeansProjects/week_11/src/exercise_1/Jbutton.java</file>
            <file>file:/D:/Coding/smt%202/OOP/NetBeansProjects/week_11/src/exercise_1/JSpinner.java</file>
            <file>file:/D:/Coding/smt%202/OOP/NetBeansProjects/week_11/src/exercise_1/JTree.java</file>
            <file>file:/D:/Coding/smt%202/OOP/NetBeansProjects/week_11/src/exercise_1/JLabel.java</file>
        </group>
    </open-files>
</project-private>
